"receiver","x_m","y_m","z_m","distance_m","exclude_source_overlap","spps_omni_db","spps_cf2_db","spps_cf2_minus_omni_db","freefield_omni_db","cf2_v5_input_gain_db","PRA_OMNI_16K_db","PRA_OMNI_16K_minus_spps_db","PRA_CF2_V5_16K_db","PRA_CF2_V5_16K_minus_spps_db","PRA_CF2_V5_16K_minus_pra_omni_db","PRA_CF2_V5_16K_effect_error_vs_spps_db","PRA_CF2_FAST_16K_db","PRA_CF2_FAST_16K_minus_spps_db","PRA_CF2_FAST_16K_minus_pra_omni_db","PRA_CF2_FAST_16K_effect_error_vs_spps_db"
"Receiver 1","0.75","0.5","1.5","2.35849528301415","FALSE","47.1866125506097","36.2786481446814","-10.9079644059283","47.241564340104","-10.6213997095742","47.2471132479908","0.0605006973811086","36.5640905966668","0.2854424519854107","-10.683022651324","0.2249417546042985","36.5640905966668","0.2854424519854107","-10.683022651324","0.2249417546042985"
"Receiver 2","0.75","1.5","1.5","1.60078105935821","FALSE","50.6230806305817","35.505448859493","-15.1176317710888","50.6076258393557","-15.4123733325453","50.5801762907176","-0.0429043398640658","34.8874592296805","-0.6179896298124348","-15.6927170610371","-0.5750852899483618","34.8874592296805","-0.6179896298124348","-15.6927170610371","-0.5750852899483618"
"Receiver 3","0.75","2.5","1.5","1.25","FALSE","52.8469573983824","44.9903921294804","-7.85656526890198","52.7560643198327","-7.25177764892578","52.7413063554701","-0.1056510429122355","45.4504962361592","0.4601041066788483","-7.2908101193109","0.5657551495910784","45.4504962361592","0.4601041066788483","-7.2908101193109","0.5657551495910784"
"Receiver 4","0.75","3.5","1.5","1.60078105935821","FALSE","50.7547365427887","35.6091125922312","-15.1456239505575","50.6076258393557","-15.4123733325453","50.5801762907176","-0.1745602520710818","34.8874592296805","-0.7216533625506685","-15.6927170610371","-0.5470931104795795","34.8874592296805","-0.7216533625506685","-15.6927170610371","-0.5470931104795795"
"Receiver 5","0.75","4.5","1.5","2.35849528301415","FALSE","47.6473796073516","36.6896002410463","-10.9577793663054","47.241564340104","-10.6213997095742","47.2471132479908","-0.4002663593608418","36.5640905966668","-0.1255096443794273","-10.683022651324","0.274756714981411","36.5640905966668","-0.1255096443794273","-10.683022651324","0.274756714981411"
"Receiver 6","1.75","0.5","1.5","2.01556443707464","FALSE","48.7596441509272","42.8481900662691","-5.91145408465814","48.6063308401245","-5.31000403340835","48.6063308401245","-0.1533133108027229","43.2843392089483","0.4361491426792057","-5.32199163117621","0.5894624534819268","43.2843392089483","0.4361491426792057","-5.32199163117621","0.5894624534819268"
"Receiver 7","1.75","1.5","1.5","1.03077640640442","FALSE","54.692785599085","46.9388144341537","-7.7539711649313","54.4309751927703","-6.48434913916594","54.4562565240628","-0.2365290750221263","47.9739689899508","1.03515455579718","-6.482287534112","1.2716836308193","47.9739689899508","1.03515455579718","-6.482287534112","1.2716836308193"
"Receiver 8","1.75","2.5","1.5","0.25","TRUE","68.4733438318913","55.4126794674671","-13.0606643644243","66.7354644065531","-7.25177764892578","66.710531046597","-1.76281278529436","59.4627027854301","4.05002331796299","-7.24782826116691","5.81283610325735","59.4627027854301","4.05002331796299","-7.24782826116691","5.81283610325735"
"Receiver 9","1.75","3.5","1.5","1.03077640640442","FALSE","54.6063108150022","46.7704831146182","-7.83582770038397","54.4309751927703","-6.48434913916594","54.4562565240628","-0.1500542909393588","47.9739689899508","1.20348587533262","-6.482287534112","1.35354016627197","47.9739689899508","1.20348587533262","-6.482287534112","1.35354016627197"
"Receiver 10","1.75","4.5","1.5","2.01556443707464","FALSE","48.8117024147882","42.7109119454859","-6.10079046930232","48.6063308401245","-5.31000403340835","48.6063308401245","-0.2053715746636939","43.2843392089483","0.5734272634624134","-5.32199163117621","0.7787988381261055","43.2843392089483","0.5734272634624134","-5.32199163117621","0.7787988381261055"
"Receiver 11","2.75","0.5","1.5","2.13600093632938","FALSE","48.1266197515274","44.3449111517867","-3.78170859974069","48.1022358053485","-3.18887912738347","48.1352076186518","0.008587867124433","44.9491026336014","0.6041914818147092","-3.18610498505041","0.5956036146902841","44.9491026336014","0.6041914818147092","-3.18610498505041","0.5956036146902841"
"Receiver 12","2.75","1.5","1.5","1.25","FALSE","52.7519290084624","49.4483732913871","-3.30355571707535","52.7560643198327","-2.36260208895235","52.7413063554701","-0.0106226529922964","50.3592811619252","0.9109078705381676","-2.38202519354489","0.9215305235304614","50.3592811619252","0.9109078705381676","-2.38202519354489","0.9215305235304614"
"Receiver 13","2.75","2.5","1.5","0.75","FALSE","57.5408636501053","55.1066645536813","-2.43419909642401","57.1930393121598","0","57.2322095271358","-0.3086541229694788","57.2322092016773","2.12554464799604","-3.25E-07","2.43419877096553","57.2322088529661","2.12554429928482","-6.74E-07","2.4341984222543"
"Receiver 14","2.75","3.5","1.5","1.25","FALSE","53.0074261447277","49.6760594773763","-3.33136666735137","52.7560643198327","-2.36260208895235","52.7413063554701","-0.2661197892576013","50.3592811619252","0.683221684548883","-2.38202519354489","0.9493414738064816","50.3592811619252","0.683221684548883","-2.38202519354489","0.9493414738064816"
"Receiver 15","2.75","4.5","1.5","2.13600093632938","FALSE","48.2709168501173","44.3346915022051","-3.93622534791224","48.1022358053485","-3.18887912738347","48.1352076186518","-0.1357092314655617","44.9491026336014","0.6144111313962668","-3.18610498505041","0.7501203628618365","44.9491026336014","0.6144111313962668","-3.18610498505041","0.7501203628618365"
"Receiver 16","3.75","0.5","1.5","2.65753645318366","FALSE","45.9417744473774","43.622441921553","-2.31933252582437","46.2046799717189","-2.18140743574532","46.1788514973173","0.2370770499398489","43.9776620721053","0.3552201505522987","-2.20118942521192","0.118143100612452","43.9776620721053","0.3552201505522987","-2.20118942521192","0.118143100612452"
"Receiver 17","3.75","1.5","1.5","2.01556443707464","FALSE","48.8448883404541","47.3306276519658","-1.51426068848828","48.6063308401245","-1.25918096226004","48.6063308401245","-0.2385575003296055","47.3249638159318","-0.0056638360340173","-1.28136702419269","0.2328936642955864","47.3249638159318","-0.0056638360340173","-1.28136702419269","0.2328936642955864"
"Receiver 18","3.75","2.5","1.5","1.75","FALSE","49.9386519132024","49.3008177561465","-0.6378341570558561","49.833503606268","0","49.861912593405","-0.0767393197974187","49.8619116480174","0.5610938918709181","-9.45E-07","0.6378332116683332","49.8619116480174","0.5610938918709181","-9.45E-07","0.6378332116683332"
"Receiver 19","3.75","3.5","1.5","2.01556443707464","FALSE","48.7963535209984","47.2710987719981","-1.52525474900038","48.6063308401245","-1.25918096226004","48.6063308401245","-0.1900226808739163","47.3249638159318","0.0538650439337758","-1.28136702419269","0.2438877248076903","47.3249638159318","0.0538650439337758","-1.28136702419269","0.2438877248076903"
"Receiver 20","3.75","4.5","1.5","2.65753645318366","FALSE","46.2718581054194","43.9161963892932","-2.35566171612621","46.2046799717189","-2.18140743574532","46.1788514973173","-0.0930066081021295","43.9776620721053","0.0614656828121554","-2.20118942521192","0.1544722909142871","43.9776620721053","0.0614656828121554","-2.20118942521192","0.1544722909142871"
"Receiver 21","4.75","0.5","1.5","3.40036762718386","FALSE","44.1994469752363","42.5567015215854","-1.64274545365086","44.0637471225229","-1.5","44.0517305633167","-0.1477164119195393","42.5403347947066","-0.016366726878843","-1.51139576861016","0.1313496850406966","42.5403347947066","-0.016366726878843","-1.51139576861016","0.1313496850406966"
"Receiver 22","4.75","1.5","1.5","2.92617497767991","FALSE","45.5537371207574","44.7849877804693","-0.7687493402881316","45.368258734989","-0.5996621541993034","45.3578513278414","-0.1958857929159663","44.7504816331097","-0.0345061473595365","-0.6073696947317058","0.1613796455564258","44.7504816331097","-0.0345061473595365","-0.6073696947317058","0.1613796455564258"
"Receiver 23","4.75","2.5","1.5","2.75","FALSE","46.0112345081488","45.7032842987461","-0.3079502094026765","45.9076107033886","0","45.9304552358909","-0.0807792722579421","45.9304554277473","0.2271711290011425","1.92E-07","0.30795040125908","45.9304554277473","0.2271711290011425","1.92E-07","0.30795040125908"
"Receiver 24","4.75","3.5","1.5","2.92617497767991","FALSE","45.5013000884725","44.7144718751209","-0.786828213351555","45.368258734989","-0.5996621541993034","45.3578513278414","-0.1434487606310313","44.7504816331097","0.0360097579888219","-0.6073696947317058","0.1794585186198492","44.7504816331097","0.0360097579888219","-0.6073696947317058","0.1794585186198492"
"Receiver 25","4.75","4.5","1.5","3.40036762718386","FALSE","43.8231573834151","42.1623437392655","-1.66081364414964","44.0637471225229","-1.5","44.0517305633167","0.2285731799016091","42.5403347947066","0.3779910554410862","-1.51139576861016","0.1494178755394773","42.5403347947066","0.3779910554410862","-1.51139576861016","0.1494178755394773"
"","","","","","","","","","","","","","","","","","","","",""
"","","","","","","","","","","","","","","","","","","","",""
"","","","","","","","","","","","","","","","","","","","",""
"","","","","","","","","","","","","","","","","","","","",""
"","","","","","","","","","","","","","","","","","","","",""
"","","","","","","","","","","","","","","","","","","","",""
"","","","","","","","","","","","","","","","","","","","",""
"","","","","","","","","","","","","","","","","","","","",""
"","","","","","","","","","","","","","","","","","","","",""
"","","","","","","","","","","","","","","","","","","","",""
"","","","","","","","","","","","","","","","","","","","",""
"","","","","","","","","","","","","","","","","","","","",""
"","","","","","","","","","","","","","","","","","","","",""
"","","","","","","","","","","","","","","","","","","","",""
"","","","","","","","","","","","","","","","","","","","",""
"","","","","","","","","","","","","","","","","","","","",""
"","","","","","","","","","","","","","","","","","","","",""
"","","","","","","","","","","","","","","","","","","","",""
"","","","","","","","","","","","","","","","","","","","",""
"","","","","","","","","","","","","","","","","","","","",""
"","","","","","","","","","","","","","","","","","","","",""
"","","","","","","","","","","","","","","","","","","","",""
"","","","","","","","","","","","","","","","","","","","",""
"","","","","","","","","","","","","","","","","","","","",""
"","","","","","","","","","","","","","","","","","","","",""
"","","","","","","","","","","","","","","","","","","","",""
"","","","","","","","","","","","","","","","","","","","",""
"","","","","","","","","","","","","","","","","","","","",""
"","","","","","","","","","","","","","","","","","","","",""
"","","","","","","","","","","","","","","","","","","","",""
"","","","","","","","","","","","","","","","","","","","",""
"","","","","","","","","","","","","","","","","","","","",""
"","","","","","","","","","","","","","","","","","","","",""
"","","","","","","","","","","","","","","","","","","","",""
"","","","","","","","","","","","","","","","","","","","",""
"","","","","","","","","","","","","","","","","","","","",""
"","","","","","","","","","","","","","","","","","","","",""
"","","","","","","","","","","","","","","","","","","","",""
"","","","","","","","","","","","","","","","","","","","",""
"","","","","","","","","","","","","","","","","","","","",""
"","","","","","","","","","","","","","","","","","","","",""
"","","","","","","","","","","","","","","","","","","","",""
"","","","","","","","","","","","","","","","","","","","",""
"","","","","","","","","","","","","","","","","","","","",""
"","","","","","","","","","","","","","","","","","","","",""
"","","","","","","","","","","","","","","","","","","","",""
"","","","","","","","","","","","","","","","","","","","",""
"","","","","","","","","","","","","","","","","","","","",""
"","","","","","","","","","","","","","","","","","","","",""
"","","","","","","","","","","","","","","","","","","","",""
"","","","","","","","","","","","","","","","","","","","",""
"","","","","","","","","","","","","","","","","","","","",""
"","","","","","","","","","","","","","","","","","","","",""
"","","","","","","","","","","","","","","","","","","","",""
"","","","","","","","","","","","","","","","","","","","",""
"","","","","","","","","","","","","","","","","","","","",""
"","","","","","","","","","","","","","","","","","","","",""
"","","","","","","","","","","","","","","","","","","","",""
"","","","","","","","","","","","","","","","","","","","",""
"","","","","","","","","","","","","","","","","","","","",""
"","","","","","","","","","","","","","","","","","","","",""
"","","","","","","","","","","","","","","","","","","","",""
"","","","","","","","","","","","","","","","","","","","",""
"","","","","","","","","","","","","","","","","","","","",""
"","","","","","","","","","","","","","","","","","","","",""
"","","","","","","","","","","","","","","","","","","","",""
"","","","","","","","","","","","","","","","","","","","",""
"","","","","","","","","","","","","","","","","","","","",""
"","","","","","","","","","","","","","","","","","","","",""
"","","","","","","","","","","","","","","","","","","","",""
"","","","","","","","","","","","","","","","","","","","",""
"","","","","","","","","","","","","","","","","","","","",""
"","","","","","","","","","","","","","","","","","","","",""
"","","","","","","","","","","","","","","","","","","","",""
"","","","","","","","","","","","","","","","","","","","",""
"","","","","","","","","","","","","","","","","","","","",""
"","","","","","","","","","","","","","","","","","","","",""
"","","","","","","","","","","","","","","","","","","","",""
"","","","","","","","","","","","","","","","","","","","",""
"","","","","","","","","","","","","","","","","","","","",""
"","","","","","","","","","","","","","","","","","","","",""
"","","","","","","","","","","","","","","","","","","","",""
"","","","","","","","","","","","","","","","","","","","",""
"","","","","","","","","","","","","","","","","","","","",""
"","","","","","","","","","","","","","","","","","","","",""
"","","","","","","","","","","","","","","","","","","","",""
"","","","","","","","","","","","","","","","","","","","",""
"","","","","","","","","","","","","","","","","","","","",""
"","","","","","","","","","","","","","","","","","","","",""
"","","","","","","","","","","","","","","","","","","","",""
"","","","","","","","","","","","","","","","","","","","",""
"","","","","","","","","","","","","","","","","","","","",""
"","","","","","","","","","","","","","","","","","","","",""
"","","","","","","","","","","","","","","","","","","","",""
"","","","","","","","","","","","","","","","","","","","",""
"","","","","","","","","","","","","","","","","","","","",""
"","","","","","","","","","","","","","","","","","","","",""
"","","","","","","","","","","","","","","","","","","","",""
"","","","","","","","","","","","","","","","","","","","",""
"","","","","","","","","","","","","","","","","","","","",""
"","","","","","","","","","","","","","","","","","","","",""
"","","","","","","","","","","","","","","","","","","","",""
"","","","","","","","","","","","","","","","","","","","",""
"","","","","","","","","","","","","","","","","","","","",""
"","","","","","","","","","","","","","","","","","","","",""
"","","","","","","","","","","","","","","","","","","","",""
"","","","","","","","","","","","","","","","","","","","",""
"","","","","","","","","","","","","","","","","","","","",""
"","","","","","","","","","","","","","","","","","","","",""
"","","","","","","","","","","","","","","","","","","","",""
"","","","","","","","","","","","","","","","","","","","",""
"","","","","","","","","","","","","","","","","","","","",""
"","","","","","","","","","","","","","","","","","","","",""
"","","","","","","","","","","","","","","","","","","","",""
"","","","","","","","","","","","","","","","","","","","",""
"","","","","","","","","","","","","","","","","","","","",""
"","","","","","","","","","","","","","","","","","","","",""
"","","","","","","","","","","","","","","","","","","","",""
"","","","","","","","","","","","","","","","","","","","",""
"","","","","","","","","","","","","","","","","","","","",""
"","","","","","","","","","","","","","","","","","","","",""
"","","","","","","","","","","","","","","","","","","","",""
"","","","","","","","","","","","","","","","","","","","",""
"","","","","","","","","","","","","","","","","","","","",""
"","","","","","","","","","","","","","","","","","","","",""
"","","","","","","","","","","","","","","","","","","","",""
"","","","","","","","","","","","","","","","","","","","",""
"","","","","","","","","","","","","","","","","","","","",""
"","","","","","","","","","","","","","","","","","","","",""
"","","","","","","","","","","","","","","","","","","","",""
"","","","","","","","","","","","","","","","","","","","",""
"","","","","","","","","","","","","","","","","","","","",""
"","","","","","","","","","","","","","","","","","","","",""
"","","","","","","","","","","","","","","","","","","","",""
"","","","","","","","","","","","","","","","","","","","",""
"","","","","","","","","","","","","","","","","","","","",""
"","","","","","","","","","","","","","","","","","","","",""
"","","","","","","","","","","","","","","","","","","","",""
"","","","","","","","","","","","","","","","","","","","",""
"","","","","","","","","","","","","","","","","","","","",""
"","","","","","","","","","","","","","","","","","","","",""
"","","","","","","","","","","","","","","","","","","","",""
"","","","","","","","","","","","","","","","","","","","",""
"","","","","","","","","","","","","","","","","","","","",""
"","","","","","","","","","","","","","","","","","","","",""
"","","","","","","","","","","","","","","","","","","","",""
"","","","","","","","","","","","","","","","","","","","",""
"","","","","","","","","","","","","","","","","","","","",""
"","","","","","","","","","","","","","","","","","","","",""
"","","","","","","","","","","","","","","","","","","","",""
"","","","","","","","","","","","","","","","","","","","",""
"","","","","","","","","","","","","","","","","","","","",""
"","","","","","","","","","","","","","","","","","","","",""
"","","","","","","","","","","","","","","","","","","","",""
"","","","","","","","","","","","","","","","","","","","",""
"","","","","","","","","","","","","","","","","","","","",""
"","","","","","","","","","","","","","","","","","","","",""
"","","","","","","","","","","","","","","","","","","","",""
"","","","","","","","","","","","","","","","","","","","",""
"","","","","","","","","","","","","","","","","","","","",""
"","","","","","","","","","","","","","","","","","","","",""
"","","","","","","","","","","","","","","","","","","","",""
"","","","","","","","","","","","","","","","","","","","",""
"","","","","","","","","","","","","","","","","","","","",""
"","","","","","","","","","","","","","","","","","","","",""
"","","","","","","","","","","","","","","","","","","","",""
"","","","","","","","","","","","","","","","","","","","",""
"","","","","","","","","","","","","","","","","","","","",""
"","","","","","","","","","","","","","","","","","","","",""
"","","","","","","","","","","","","","","","","","","","",""
"","","","","","","","","","","","","","","","","","","","",""
"","","","","","","","","","","","","","","","","","","","",""
"","","","","","","","","","","","","","","","","","","","",""
"","","","","","","","","","","","","","","","","","","","",""
